wer,bleu
0.8158183506372921,2.2206633367280944
