metric,value
wer,0.3216688363116642
bleu,62.860338021834195
