metric,value
wer,0.16587770484938416
bleu,76.02144308381226
