metric,value
wer,0.20513614143050915
bleu,72.62373000392785
