metric,value
wer,0.17423918287831477
bleu,75.491390406253
