metric,value
wer,0.20106236743165617
bleu,73.94101293020528
