metric,value
wer,0.15281886953909457
bleu,76.65625387770856
