metric,value
wer,0.16976485903376454
bleu,75.11267998974373
