metric,value
wer,0.21241431419494033
bleu,72.2669745073135
