metric,value
wer,0.34201494779196895
bleu,60.88831746971761
