metric,value
wer,0.14900454259938642
bleu,76.69245800333394
